Div,Date,Time,HomeTeam,AwayTeam,FTHG,FTAG,FTR,HTHG,HTAG,HTR,Referee,HS,AS,HST,AST,HF,AF,HC,AC,HY,AY,HR,AR,B365H,B365D,B365A,BFDH,BFDD,BFDA,BMGMH,BMGMD,BMGMA,BVH,BVD,BVA,BWH,BWD,BWA,CLH,CLD,CLA,LBH,LBD,LBA,PSH,PSD,PSA,MaxH,MaxD,MaxA,AvgH,AvgD,AvgA,BFEH,BFED,BFEA,B365>2.5,B365<2.5,P>2.5,P<2.5,Max>2.5,Max<2.5,Avg>2.5,Avg<2.5,BFE>2.5,BFE<2.5,AHh,B365AHH,B365AHA,PAHH,PAHA,MaxAHH,MaxAHA,AvgAHH,AvgAHA,BFEAHH,BFEAHA,B365CH,B365CD,B365CA,BFDCH,BFDCD,BFDCA,BMGMCH,BMGMCD,BMGMCA,BVCH,BVCD,BVCA,BWCH,BWCD,BWCA,CLCH,CLCD,CLCA,LBCH,LBCD,LBCA,PSCH,PSCD,PSCA,MaxCH,MaxCD,MaxCA,AvgCH,AvgCD,AvgCA,BFECH,BFECD,BFECA,B365C>2.5,B365C<2.5,PC>2.5,PC<2.5,MaxC>2.5,MaxC<2.5,AvgC>2.5,AvgC<2.5,BFEC>2.5,BFEC<2.5,AHCh,B365CAHH,B365CAHA,PCAHH,PCAHA,MaxCAHH,MaxCAHA,AvgCAHH,AvgCAHA,BFECAHH,BFECAHA
E0,15/08/2025,20:00,Liverpool,Bournemouth,4,2,H,1,0,H,A Taylor,19,10,10,3,7,10,6,7,1,2,0,0,1.3,6,8.5,1.3,6,9.5,1.29,6.5,9,1.3,6,8.5,1.32,5.5,7.5,1.33,5.75,8,1.33,5.75,7.5,1.28,6.56,9.07,1.34,6.5,9.5,1.31,5.96,8.31,1.34,6.6,9.4,1.36,3.2,1.37,3.26,1.38,3.3,1.35,3.13,1.4,3.4,-1.5,1.83,2.03,1.9,2.03,1.83,2.06,1.78,1.99,1.9,2.08,1.29,6.25,9,1.3,6,9.5,1.3,6.25,9,1.29,6,9,1.31,5.75,8,1.3,6,8,1.3,5.75,8,1.29,6.55,9.75,1.31,6.6,9.5,1.29,6.02,8.68,1.32,6.8,10,1.36,3.2,1.41,2.95,1.4,3.2,1.36,3.05,1.41,3.4,-1.75,2.03,1.78,2.07,1.85,2.03,1.88,1.94,1.76,2.14,1.86
E0,16/08/2025,12:30,Aston Villa,Newcastle,0,0,D,0,0,D,C Pawson,3,16,3,3,13,11,3,6,1,1,1,0,2.25,3.5,2.9,2.25,3.75,3.1,2.38,3.55,2.95,2.3,3.5,3,2.3,3.6,2.87,2.3,3.6,2.87,2.3,3.6,2.87,2.24,3.72,3.13,2.38,3.75,3.1,2.3,3.56,2.94,2.4,3.75,3.1,1.62,2.3,1.65,2.33,1.65,2.33,1.61,2.25,1.72,2.36,-0.25,2,1.85,1.96,1.94,2,1.87,1.9,1.78,2.08,1.9,2.45,3.4,2.8,2.38,3.5,3.1,2.4,3.45,2.95,2.38,3.3,3,2.4,3.4,2.85,2.37,3.5,2.87,2.37,3.5,2.87,2.32,3.63,3.07,2.45,3.5,3.1,2.38,3.41,2.93,2.48,3.55,3.1,1.83,2.03,1.66,2.31,1.83,2.18,1.75,2.04,1.87,2.12,-0.25,2.05,1.8,2.02,1.89,2.06,1.8,1.95,1.74,2.14,1.86
E0,16/08/2025,15:00,Brighton,Fulham,1,1,D,0,0,D,S Barrott,10,7,4,2,16,15,4,3,3,3,0,0,1.91,3.6,4,1.95,3.75,4,1.92,3.65,4,1.91,3.6,3.9,1.9,3.6,3.9,1.91,3.6,3.9,1.91,3.6,3.9,1.94,3.73,3.98,1.95,3.75,4,1.92,3.62,3.91,1.99,3.85,4.2,1.73,2.1,1.76,2.15,1.74,2.15,1.71,2.08,1.78,2.22,-0.5,1.93,1.93,1.95,1.95,1.93,1.93,1.87,1.88,1.99,2,1.8,3.7,4.33,1.83,3.75,4.33,1.87,3.65,4.3,1.83,3.6,4.33,1.85,3.6,4.1,1.85,3.6,4.2,1.85,3.6,4,1.92,3.66,4.27,1.87,3.75,4.4,1.83,3.64,4.26,1.9,3.8,4.6,1.88,1.98,1.91,2,1.91,2.04,1.84,1.93,1.93,2.06,-0.5,1.83,2.03,1.93,2,1.84,2.03,1.8,1.96,1.91,2.08
E0,16/08/2025,15:00,Sunderland,West Ham,3,0,H,0,0,D,R Jones,10,12,5,4,8,10,5,7,0,1,0,0,3.25,3.4,2.25,3.2,3.5,2.3,3.25,3.5,2.25,3.2,3.3,2.3,3.1,3.4,2.25,3.1,3.4,2.25,3.1,3.4,2.25,3.27,3.43,2.29,3.25,3.5,2.3,3.17,3.38,2.26,3.35,3.5,2.34,1.93,1.93,1.98,1.91,1.94,1.93,1.88,1.88,2.02,1.96,0.25,1.9,1.95,1.93,1.98,1.9,1.95,1.84,1.81,1.97,2.01,3.4,3.2,2.25,3.4,3.3,2.3,3.55,3.1,2.3,3.4,3.13,2.25,3.3,3.25,2.25,3.3,3.25,2.25,3.25,3.2,2.25,3.55,3.24,2.29,3.55,3.3,2.31,3.4,3.17,2.25,3.6,3.4,2.32,2.1,1.73,2.24,1.7,2.25,1.75,2.11,1.69,2.2,1.8,0.25,1.95,1.9,1.97,1.95,1.95,1.94,1.86,1.78,2.02,1.97
E0,16/08/2025,15:00,Tottenham,Burnley,3,0,H,1,0,H,M Oliver,16,14,6,4,14,8,6,5,0,0,0,0,1.38,4.75,8.5,1.36,5,9.5,1.37,5,9,1.33,4.6,8,1.39,4.8,8,1.4,4.8,8,1.4,4.8,8,1.4,4.71,8.79,1.4,5,9.5,1.37,4.8,8.3,1.42,5.2,9.6,1.73,2.1,1.74,2.17,1.73,2.3,1.66,2.16,1.75,2.28,-1.25,1.88,1.98,1.89,2.01,1.88,1.98,1.75,1.95,1.93,2.03,1.55,3.9,6.25,1.57,4,6.5,1.55,4.1,6.5,1.53,3.9,5.75,1.55,4.1,6,1.55,4,6,1.55,4,6,1.56,4.2,6.7,1.58,4.1,6.5,1.55,4.01,6.16,1.61,4.3,6.8,1.93,1.93,1.91,2,1.93,1.93,1.88,1.88,1.99,2,-1,1.98,1.88,1.99,1.93,1.98,1.91,1.88,1.83,2.07,1.92
E0,16/08/2025,17:30,Wolves,Man City,0,4,A,0,2,A,J Gillett,9,15,3,4,13,7,4,6,1,2,0,0,6.25,4.75,1.45,7.5,4.6,1.44,7,5,1.43,7,4.5,1.44,6.75,4.6,1.46,6.5,4.6,1.44,6.5,4.6,1.44,6.72,4.92,1.46,7.5,5,1.48,6.73,4.73,1.44,7.4,5.2,1.47,1.62,2.3,1.66,2.31,1.62,2.35,1.61,2.25,1.67,2.44,1.25,1.85,2,1.85,2.06,1.9,2,1.83,1.86,1.91,2.03,6.25,4.2,1.53,7,4.33,1.5,6.25,4.35,1.53,6.5,4.33,1.5,6,4.33,1.52,6,4.33,1.53,5.75,4.33,1.53,6.22,4.7,1.52,7,4.65,1.53,6.24,4.32,1.51,7,4.6,1.56,1.8,2,1.64,2.37,1.8,2.15,1.74,2.04,1.81,2.22,1,1.98,1.88,2.07,1.86,2.04,1.88,1.91,1.81,2.05,1.94
E0,17/08/2025,14:00,Chelsea,Crystal Palace,0,0,D,0,0,D,D England,19,12,3,4,10,12,11,2,2,3,0,0,1.62,4.33,4.5,1.62,4.2,5.5,1.61,4.35,5.25,1.6,4.1,5,1.6,4.2,5.25,1.6,4.2,5.25,1.6,4.2,5,1.66,4.12,5.25,1.64,4.35,5.5,1.61,4.21,5.08,1.67,4.5,5.4,1.67,2.2,1.67,2.29,1.67,2.3,1.63,2.22,1.71,2.36,-0.75,1.8,2.05,1.85,2.07,1.8,2.05,1.72,1.97,1.85,2.13,1.8,3.75,4.33,1.8,3.75,4.5,1.8,3.8,4.5,1.83,3.8,4.1,1.85,3.6,4.1,1.85,3.6,4.2,1.8,3.7,4.2,1.75,4.1,4.67,1.88,3.85,4.5,1.82,3.72,4.26,1.88,3.85,4.7,1.73,2.1,1.74,2.18,1.75,2.23,1.71,2.09,1.8,2.24,-0.5,1.85,2,1.74,2.21,1.85,2.03,1.79,1.97,1.88,2.12
E0,17/08/2025,14:00,Nott'm Forest,Brentford,3,1,H,3,0,H,P Bankes,11,10,5,3,7,15,5,5,1,2,0,0,2.2,3.3,3.5,2.15,3.5,3.5,2.14,3.45,3.55,2.15,3.2,3.4,2.15,3.4,3.4,2.15,3.4,3.4,2.15,3.4,3.3,2.25,3.38,3.4,2.2,3.5,3.55,2.15,3.36,3.43,2.24,3.55,3.55,2,1.85,2.01,1.88,2,1.91,1.92,1.83,2.06,1.91,-0.25,1.88,1.98,1.94,1.96,1.9,1.98,1.77,1.92,1.94,2.01,1.9,3.5,4.2,1.95,3.5,4.2,1.94,3.4,4.25,1.9,3.4,4.2,1.9,3.5,4.1,1.91,3.5,4,1.91,3.4,4,2.18,3.37,3.66,1.95,3.55,4.3,1.91,3.44,4.16,1.96,3.65,4.5,1.98,1.88,2.09,1.81,2.08,1.88,1.99,1.79,2.1,1.89,-0.5,1.88,1.98,2.18,1.76,1.91,1.98,1.86,1.89,1.96,2.03
E0,17/08/2025,16:30,Man United,Arsenal,0,1,A,0,1,A,S Hooper,22,9,7,3,10,19,3,4,1,4,0,0,3.6,3.6,1.95,3.75,3.6,2.05,3.6,3.65,2.04,3.6,3.5,1.95,3.4,3.5,2.1,3.4,3.5,2.1,3.4,3.5,2.05,3.74,3.72,2.01,3.75,3.66,2.1,3.57,3.56,2.01,3.9,3.75,2.06,1.83,2.03,1.84,2.06,1.83,2.03,1.8,1.97,1.92,2.06,0.5,1.85,2,1.89,2.02,1.86,2,1.79,1.96,1.92,2.06,3.8,3.7,1.91,4,3.75,1.91,3.9,3.8,1.92,3.7,3.75,1.93,3.7,3.7,1.95,3.9,3.7,1.91,3.7,3.6,1.95,3.84,3.71,2,4,3.8,1.97,3.79,3.7,1.93,4.1,3.8,1.99,1.73,2.1,1.74,2.18,1.73,2.2,1.69,2.12,1.8,2.24,0.5,1.88,1.98,1.91,2.01,1.93,1.98,1.86,1.89,2,1.99
E0,18/08/2025,20:00,Leeds,Everton,1,0,H,0,0,D,C Kavanagh,21,7,3,1,6,8,7,2,0,2,0,0,2.38,3.3,3,2.5,3.3,3,2.43,3.35,3.05,2.38,3.25,2.9,2.4,3.25,2.95,2.4,3.25,3,2.4,3.25,2.9,2.37,3.52,3.06,2.5,3.5,3.05,2.39,3.29,2.96,2.46,3.45,3.2,2.1,1.73,2.11,1.79,2.16,1.75,2.07,1.72,2.14,1.83,-0.25,2.05,1.8,2.05,1.86,2.05,1.8,1.94,1.75,2.1,1.88,2.35,3.25,3.1,2.38,3.25,3.3,2.33,3.25,3.25,2.38,3.2,3.1,2.35,3.2,3.1,2.3,3.2,3.2,2.3,3.2,3.1,2.36,3.3,3.32,2.4,3.3,3.3,2.34,3.21,3.16,2.54,3.3,3.25,2.2,1.67,2.2,1.74,2.2,1.73,2.13,1.68,2.28,1.76,-0.25,2.05,1.8,2.02,1.9,2.05,1.86,1.91,1.78,2.14,1.86
E0,22/08/2025,20:00,West Ham,Chelsea,1,5,A,1,3,A,M Oliver,12,12,4,7,7,10,7,5,0,1,0,0,4.75,3.8,1.73,5,4,1.67,4.9,3.9,1.71,4.6,4,1.7,4.6,3.9,1.72,4.6,3.9,1.73,4.5,3.8,1.73,4.94,3.95,1.74,5,4,1.76,4.68,3.88,1.71,5.1,4,1.78,1.73,2.1,1.75,2.17,1.77,2.15,1.72,2.09,1.83,2.18,0.75,1.93,1.93,1.97,1.95,1.93,1.94,1.83,1.86,1.97,2,4.5,3.8,1.75,5,3.75,1.67,4.9,3.85,1.73,5,3.8,1.7,4.6,3.8,1.73,4.8,3.9,1.67,4.8,3.9,1.67,5.17,4.14,1.68,5,3.95,1.8,4.75,3.82,1.72,5.3,4.1,1.75,1.8,2,1.73,2.19,1.8,2.17,1.72,2.08,1.83,2.18,0.75,1.83,2.03,2.06,1.87,1.95,2.03,1.85,1.89,2.02,1.96
E0,23/08/2025,12:30,Man City,Tottenham,0,2,A,0,2,A,P Bankes,10,12,4,5,7,12,7,2,1,4,0,0,1.48,4.5,6.25,1.5,5,6,1.5,4.75,6.1,1.45,4.8,6.5,1.47,4.6,6.25,1.48,4.6,6,1.48,4.6,6,1.49,5,6.01,1.5,5,6.5,1.48,4.7,6.08,1.52,5.1,6.6,1.44,2.75,1.48,2.73,1.52,2.75,1.46,2.62,1.53,2.86,-1.25,1.97,1.77,2.05,1.86,1.97,1.86,1.91,1.77,2.1,1.89,1.55,4.33,5.25,1.57,4.5,5.5,1.53,4.6,5.8,1.53,4.5,5.5,1.57,4.5,5.25,1.55,4.5,5.25,1.53,4.5,5.25,1.51,4.93,6.07,1.57,4.95,5.8,1.54,4.53,5.46,1.57,4.8,6.2,1.5,2.63,1.52,2.66,1.53,2.75,1.48,2.58,1.56,2.76,-1,1.87,1.87,1.83,2.11,1.87,2.09,1.81,1.95,1.94,2.04
E0,23/08/2025,15:00,Bournemouth,Wolves,1,0,H,1,0,H,T Bramall,14,6,4,1,13,16,8,3,2,4,0,1,1.8,3.8,4.2,1.8,4,4.5,1.82,3.9,4.3,1.75,3.9,4.33,1.78,3.9,4.2,1.8,3.9,4.2,1.8,3.8,4.2,1.79,3.98,4.4,1.82,4,4.5,1.79,3.88,4.24,1.85,4,4.6,1.73,2.1,1.76,2.16,1.79,2.1,1.72,2.06,1.8,2.2,-0.75,2.03,1.83,2.04,1.87,2.03,1.83,1.96,1.74,2.08,1.89,1.8,3.7,4.33,1.8,3.75,4.6,1.8,3.9,4.4,1.8,3.7,4.33,1.8,3.7,4.33,1.8,3.7,4.33,1.8,3.7,4.2,1.81,3.88,4.59,1.87,3.9,4.6,1.8,3.74,4.32,1.9,3.85,4.6,1.88,1.98,1.81,2.09,1.88,2.07,1.81,1.96,1.92,2.06,-0.75,2.05,1.8,2.05,1.88,2.07,1.81,1.99,1.76,2.17,1.83
E0,23/08/2025,15:00,Brentford,Aston Villa,1,0,H,1,0,H,T Harrington,9,17,2,2,11,9,2,9,1,2,0,0,3.1,3.6,2.2,3.2,3.5,2.3,3.15,3.65,2.23,3.1,3.6,2.2,3.1,3.5,2.2,3.1,3.5,2.2,3.1,3.5,2.2,3.26,3.49,2.27,3.2,3.66,2.3,3.11,3.53,2.21,3.3,3.65,2.34,1.8,2,1.83,2.06,1.82,2.05,1.77,2,1.87,2.1,0.25,1.9,1.95,1.93,1.97,1.9,1.95,1.86,1.8,1.93,1.98,3.4,3.5,2.1,3.5,3.6,2.15,3.3,3.5,2.2,3.25,3.5,2.15,3.2,3.4,2.2,3.1,3.4,2.25,3.2,3.4,2.2,3.29,3.48,2.29,3.5,3.6,2.28,3.25,3.45,2.18,3.5,3.65,2.22,1.88,1.98,1.99,1.92,1.91,1.98,1.85,1.91,1.96,2.02,0.25,2.03,1.83,1.94,1.98,2.03,1.93,1.92,1.78,2.04,1.93
E0,23/08/2025,15:00,Burnley,Sunderland,2,0,H,0,0,D,M Salisbury,7,9,2,1,9,5,4,3,0,1,0,0,2.2,3.2,3.5,2.25,3.2,3.6,2.28,3.25,3.4,2.2,3.1,3.6,2.3,3.2,3.25,2.3,3.2,3.25,2.3,3.1,3.25,2.21,3.26,3.63,2.3,3.25,3.6,2.25,3.16,3.42,2.32,3.25,3.7,2.3,1.62,2.4,1.62,2.32,1.64,2.26,1.6,2.48,1.65,-0.25,1.9,1.95,1.89,2.01,1.9,1.95,1.81,1.87,1.97,2,2.35,3.2,3.2,2.4,3.2,3.25,2.4,3.15,3.25,2.38,3,3.3,2.37,3.1,3.2,2.37,3.1,3.2,2.37,3.1,3.1,2.35,3.19,3.47,2.42,3.2,3.3,2.38,3.11,3.22,2.46,3.3,3.4,2.3,1.62,2.45,1.61,2.4,1.62,2.29,1.59,2.42,1.68,-0.25,2,1.85,2,1.93,2.02,1.85,1.94,1.8,2.09,1.9
E0,23/08/2025,17:30,Arsenal,Leeds,5,0,H,2,0,H,J Gillett,18,3,5,1,8,11,2,2,0,2,0,0,1.27,6.25,9.5,1.29,6,12,1.28,6,11,1.25,6,11.5,1.27,6,10.5,1.25,6,10,1.25,6,10,1.28,6.21,9.68,1.29,6.25,12,1.27,5.93,10.61,1.3,6.6,12,1.53,2.5,1.57,2.47,1.63,2.5,1.55,2.38,1.62,2.58,-1.75,2,1.85,2.04,1.85,2,1.85,1.95,1.75,2.1,1.86,1.33,5.5,8.5,1.33,5.5,10,1.33,5.5,9.5,1.33,5.25,9,1.32,5.5,9,1.35,5.25,8.5,1.33,5.25,8,1.34,5.55,9.7,1.35,5.65,10,1.33,5.36,8.94,1.35,5.8,11,1.62,2.3,1.65,2.33,1.66,2.3,1.62,2.25,1.71,2.38,-1.5,2,1.85,2.04,1.88,2,1.91,1.91,1.85,2.06,1.92
E0,24/08/2025,14:00,Crystal Palace,Nott'm Forest,1,1,D,1,0,H,A Taylor,8,9,4,1,11,11,1,3,3,3,0,0,2.35,3.3,3.1,2.38,3.3,3.2,2.38,3.3,3.15,2.3,3.25,3,2.35,3.3,3,2.37,3.3,3,2.37,3.25,3,2.41,3.25,3.22,2.4,3.3,3.2,2.35,3.26,3.07,2.46,3.35,3.25,2.1,1.73,2.14,1.76,2.15,1.78,2.05,1.73,2.22,1.8,-0.25,2.03,1.83,2.06,1.85,2.03,1.83,1.92,1.77,2.09,1.88,2.35,3.25,3.1,2.4,3.3,3.1,2.4,3.3,3.15,2.4,3.3,3,2.4,3.2,3,2.4,3.2,3,2.4,3.2,3,2.45,3.25,3.21,2.43,3.3,3.15,2.39,3.24,3.06,2.5,3.35,3.25,2.1,1.73,2.3,1.68,2.1,1.83,2.05,1.74,2.18,1.84,-0.25,1.99,1.74,2.1,1.84,2.04,1.81,1.95,1.77,2.13,1.88
E0,24/08/2025,14:00,Everton,Brighton,2,0,H,1,0,H,S Attwell,11,13,3,4,7,15,2,2,4,3,0,0,3.1,3.3,2.3,3.25,3.4,2.3,3.1,3.35,2.38,3.1,3.3,2.25,2.95,3.3,2.4,2.9,3.3,2.4,2.9,3.25,2.4,3.16,3.36,2.38,3.25,3.4,2.4,3.08,3.3,2.32,3.25,3.45,2.44,2,1.8,2.09,1.82,2.1,1.8,2.01,1.76,2.12,1.84,0.25,1.85,2,1.86,2.05,1.86,2,1.79,1.86,1.89,2.08,2.88,3.3,2.45,3,3.4,2.5,2.9,3.4,2.45,2.9,3.4,2.4,2.9,3.3,2.4,2.9,3.3,2.45,2.87,3.3,2.4,3.14,3.36,2.43,3,3.4,2.5,2.9,3.34,2.43,3.1,3.5,2.52,1.93,1.93,2.04,1.88,1.94,1.93,1.89,1.88,1.95,2.04,0,2.04,1.72,2.24,1.73,2.1,1.76,2.06,1.72,2.24,1.8
E0,24/08/2025,16:30,Fulham,Man United,1,1,D,0,0,D,C Kavanagh,13,10,4,3,12,10,9,6,1,1,0,0,3.25,3.5,2.15,3.3,3.6,2.2,3.35,3.65,2.15,3.2,3.5,2.1,3.3,3.6,2.1,3.3,3.6,2.1,3.3,3.5,2.1,3.3,3.54,2.23,3.35,3.65,2.2,3.27,3.53,2.13,3.5,3.65,2.24,1.8,2,1.85,2.04,1.8,2.07,1.77,1.99,1.9,2.08,0.25,1.98,1.88,1.97,1.93,1.98,1.88,1.91,1.75,2.04,1.93,3.4,3.6,2.05,3.5,3.6,2.1,3.65,3.45,2.08,3.13,3.6,2.05,3.4,3.5,2.1,3.4,3.5,2.1,3.4,3.5,2.05,3.53,3.49,2.18,3.65,3.65,2.1,3.45,3.51,2.08,3.7,3.7,2.16,1.73,2.1,1.85,2.07,1.81,2.1,1.76,2.02,1.86,2.14,0.25,2.03,1.83,2.04,1.88,2.04,1.83,2.01,1.71,2.13,1.87
E0,25/08/2025,20:00,Newcastle,Liverpool,2,3,A,0,1,A,S Hooper,10,5,3,4,17,15,7,1,2,3,1,0,3.25,3.8,2.05,3.4,3.75,2.1,3.45,4,2,3.2,3.8,2,3.4,3.9,1.98,3.4,3.9,2,3.3,3.8,2,3.29,3.92,2.11,3.45,4,2.1,3.3,3.83,2.02,3.45,3.95,2.12,1.57,2.38,1.58,2.49,1.57,2.55,1.53,2.43,1.58,2.58,0.25,2.03,1.83,2.06,1.85,2.03,1.83,2,1.68,2.12,1.86,2.9,3.6,2.3,3,3.6,2.4,3,3.7,2.3,2.9,3.8,2.25,2.9,3.6,2.25,2.9,3.6,2.25,2.9,3.6,2.25,2.97,3.74,2.36,3,3.8,2.4,2.92,3.65,2.29,3.1,3.8,2.38,1.57,2.38,1.6,2.42,1.63,2.5,1.56,2.37,1.63,2.58,0.25,1.83,2.03,1.87,2.07,1.85,2.03,1.83,1.88,1.93,2.06
E0,30/08/2025,12:30,Chelsea,Fulham,2,0,H,1,0,H,R Jones,13,11,6,3,11,17,6,4,2,2,0,0,1.55,4.33,5.25,1.57,4.33,6,1.56,4.4,5.8,1.55,4.2,5.75,1.55,4.5,5.25,1.53,4.5,5.5,1.53,4.5,5.5,1.57,4.37,5.75,1.57,4.5,6,1.55,4.35,5.6,1.62,4.4,6,1.67,2.2,1.71,2.22,1.71,2.22,1.67,2.16,1.74,2.28,-1,1.95,1.9,1.97,1.93,1.95,1.91,1.89,1.87,2.05,1.92,1.67,3.9,4.75,1.73,4,5.5,1.66,4.1,5.2,1.65,3.9,5.25,1.68,3.9,4.8,1.67,3.9,4.8,1.67,3.9,4.8,1.67,3.97,5.49,1.73,4.1,5.5,1.67,3.93,5.03,1.76,3.95,5.4,1.85,2,1.78,2.13,1.85,2.12,1.79,1.98,1.9,2.08,-1,2.2,1.65,2.16,1.78,2.2,1.76,2.09,1.7,2.32,1.74
E0,30/08/2025,15:00,Man United,Burnley,3,2,H,1,0,H,S Barrott,26,6,6,3,9,9,7,1,1,5,0,0,1.33,5.25,8,1.33,5.5,9,1.37,5.2,8,1.33,5.25,9,1.36,5.25,8.25,1.36,5.25,8,1.35,5,8,1.36,5.39,8.45,1.4,5.5,9,1.35,5.15,8.28,1.39,5.6,9.2,1.67,2.2,1.67,2.3,1.73,2.2,1.65,2.17,1.7,2.4,-1.5,2.03,1.83,2.06,1.85,2.04,1.83,1.98,1.78,2.04,1.92,1.4,5.25,7,1.36,5,8,1.38,5.3,7.5,1.36,5,8,1.4,5,7.25,1.4,5,7.5,1.4,5,7.5,1.4,5.11,7.98,1.4,5.3,8,1.38,5.06,7.6,1.42,5.4,8.6,1.57,2.38,1.63,2.39,1.6,2.48,1.56,2.36,1.63,2.56,-1.25,1.88,1.98,1.89,2.03,1.88,2.05,1.76,1.99,1.9,2.08
E0,30/08/2025,15:00,Sunderland,Brentford,2,1,H,0,0,D,A Taylor,12,7,3,4,11,12,3,4,3,2,0,0,3,3.3,2.4,3,3.3,2.5,2.9,3.35,2.5,2.9,3.3,2.45,2.9,3.3,2.45,2.9,3.3,2.45,2.87,3.25,2.45,3.03,3.24,2.53,3,3.35,2.54,2.92,3.27,2.46,3.15,3.35,2.58,2.1,1.73,2.14,1.77,2.1,1.8,2.04,1.73,2.2,1.79,0,2.08,1.73,2.15,1.79,2.1,1.93,1.95,1.79,2.2,1.8,3.1,3.3,2.3,3.2,3.3,2.38,3.2,3.2,2.4,3.1,3.3,2.3,3,3.25,2.37,3,3.25,2.37,3,3.2,2.37,3.08,3.29,2.5,3.2,3.4,2.42,3.1,3.25,2.35,3.3,3.45,2.42,2.1,1.73,2.15,1.78,2.17,1.78,2.07,1.73,2.16,1.84,0.25,1.85,2,1.81,2.15,1.85,2.03,1.8,1.89,1.91,2.07
E0,30/08/2025,15:00,Tottenham,Bournemouth,0,1,A,0,1,A,S Hooper,5,20,1,6,17,13,0,8,2,4,0,0,1.73,4.2,4.2,1.73,3.75,4.2,1.76,4.2,4.3,1.73,4.1,4.33,1.72,4,4.5,1.73,4,4.5,1.73,3.9,4.4,1.76,4.14,4.39,1.76,4.25,4.5,1.73,4.06,4.29,1.79,4.3,4.6,1.57,2.38,1.59,2.47,1.6,2.55,1.54,2.38,1.63,2.52,-0.75,1.95,1.9,1.99,1.92,1.95,1.9,1.91,1.84,2,1.96,1.91,3.75,3.75,1.9,3.6,3.75,1.88,3.85,4,1.9,3.8,3.75,1.88,3.7,3.8,1.91,3.7,3.8,1.91,3.7,3.8,1.97,3.71,3.97,1.94,3.85,4,1.89,3.75,3.84,1.96,3.85,4.2,1.67,2.2,1.68,2.31,1.67,2.35,1.63,2.22,1.73,2.32,-0.5,1.93,1.93,1.98,1.94,1.93,1.95,1.85,1.91,1.96,2.03
E0,30/08/2025,15:00,Wolves,Everton,2,3,A,1,2,A,M Oliver,12,10,4,4,15,10,2,2,0,1,0,0,2.7,3.2,2.75,2.75,3.2,2.8,2.63,3.3,2.8,2.63,3.25,2.7,2.65,3.2,2.75,2.62,3.2,2.75,2.62,3.1,2.75,2.74,3.23,2.79,2.75,3.3,2.8,2.66,3.19,2.74,2.9,3.25,2.84,2.2,1.67,2.27,1.68,2.23,1.68,2.17,1.65,2.3,1.72,0,1.93,1.93,1.93,1.97,1.93,1.97,1.82,1.92,2.01,1.96,3.4,3.2,2.25,3.4,3.1,2.38,3.35,3.15,2.38,3.4,3.13,2.3,3.25,3.1,2.3,3.3,3.1,2.3,3.25,3,2.3,3.21,3.2,2.48,3.4,3.2,2.38,3.33,3.11,2.32,3.55,3.3,2.38,2.5,1.53,2.49,1.59,2.5,1.6,2.43,1.53,2.6,1.6,0.25,1.88,1.98,1.83,2.11,1.88,1.98,1.84,1.86,1.96,2.02
E0,30/08/2025,17:30,Leeds,Newcastle,0,0,D,0,0,D,P Bankes,10,8,1,2,10,15,5,5,1,1,0,0,3.5,3.4,2.1,3.4,3.6,2.15,3.5,3.55,2.1,3.3,3.6,2.1,3.25,3.5,2.15,3.25,3.5,2.15,3.25,3.5,2.15,3.47,3.54,2.16,3.5,3.6,2.2,3.37,3.49,2.12,3.7,3.65,2.16,1.8,2,1.85,2.04,1.8,2.08,1.76,2.01,1.89,2.08,0.25,2.03,1.83,2.04,1.87,2.03,1.83,1.97,1.73,2.13,1.87,3.9,3.4,2,3.25,3.4,2.1,3.85,3.4,2.05,3.7,3.4,2.05,3.75,3.3,2,3.7,3.3,2.05,3.7,3.3,2.05,3.16,3.55,2.33,3.9,3.45,2.25,3.67,3.36,2.06,3.8,3.6,2.16,2.1,1.73,2,1.91,2.1,1.8,2.03,1.75,2.16,1.84,0.5,1.8,2.05,1.68,2.33,1.8,2.2,1.73,2.05,1.85,2.16
E0,31/08/2025,14:00,Brighton,Man City,2,1,H,0,1,A,D England,12,12,7,3,16,14,3,2,2,2,0,0,3.8,3.9,1.9,3.75,4,1.91,3.9,4,1.87,3.7,3.8,1.85,3.9,3.9,1.83,3.6,3.6,1.75,3.6,3.6,1.75,3.92,3.89,1.91,4,4,1.91,3.78,3.84,1.85,4,4,1.95,1.62,2.3,1.63,2.37,1.62,2.38,1.57,2.32,1.63,2.54,0.5,1.98,1.88,1.98,1.92,1.98,1.88,1.93,1.82,2.02,1.95,3.6,3.6,2,3.4,3.5,2.1,3.55,3.7,2.04,3.4,3.7,2.05,3.5,3.7,1.98,3.5,3.7,2,3.5,3.6,2,3.77,3.79,2,3.6,3.7,2.1,3.47,3.64,2.03,3.8,3.75,2.1,1.53,2.32,1.54,2.58,1.63,2.4,1.57,2.33,1.64,2.52,0.5,1.8,2.05,1.92,2.01,1.81,2.07,1.77,2,1.89,2.1
E0,31/08/2025,14:00,Nott'm Forest,West Ham,0,3,A,0,0,D,C Pawson,11,12,3,8,14,6,9,7,0,0,0,0,1.67,3.75,5.25,1.7,3.75,5.5,1.7,3.8,5.25,1.65,3.7,5,1.72,3.7,4.8,1.73,3.7,4.8,1.67,3.5,4.5,1.69,3.98,5.13,1.73,3.85,5.5,1.69,3.74,5.03,1.72,4,5.5,1.98,1.88,1.98,1.91,2,1.91,1.94,1.82,2.02,1.94,-0.75,1.88,1.98,1.91,2,1.88,1.98,1.86,1.88,1.92,2.03,1.62,4,5,1.67,4,5.5,1.65,4.2,5.1,1.65,4,5,1.66,4,5,1.67,3.9,4.8,1.67,3.9,4.8,1.69,4,5.17,1.69,4.2,5.5,1.65,4.01,4.98,1.71,4.2,5.4,1.68,2.05,1.81,2.08,1.8,2.15,1.72,2.07,1.77,2.26,-0.75,1.83,2.03,1.9,2.03,1.84,2.03,1.8,1.94,1.9,2.09
E0,31/08/2025,16:30,Liverpool,Arsenal,1,0,H,0,0,D,C Kavanagh,9,11,3,1,7,10,3,8,2,2,0,0,2.2,3.5,3.2,2.25,3.6,3.2,2.25,3.5,3.25,2.15,3.5,3.1,2.15,3.6,3.2,2.15,3.6,3.2,2.15,3.5,3.1,2.27,3.47,3.28,2.25,3.6,3.25,2.2,3.49,3.17,2.28,3.55,3.45,1.73,2.1,1.76,2.14,1.81,2.1,1.73,2.06,1.8,2.2,-0.25,1.9,1.95,1.96,1.94,1.91,1.95,1.85,1.89,1.96,2,2.38,3.4,3,2.4,3.5,3,2.38,3.35,3.1,2.38,3.3,3,2.35,3.3,3,2.37,3.3,3,2.37,3.3,3,2.4,3.53,3.05,2.4,3.5,3.1,2.37,3.33,3.01,2.46,3.5,3.2,1.73,2.1,1.74,2.19,1.81,2.1,1.77,2,1.88,2.12,-0.25,2.05,1.8,2.08,1.85,2.05,1.81,1.96,1.78,2.11,1.88
E0,31/08/2025,19:00,Aston Villa,Crystal Palace,0,3,A,0,1,A,S Attwell,13,6,4,4,7,14,10,1,2,3,0,0,1.85,3.7,4,1.91,3.6,4.2,1.89,3.6,4.2,1.83,3.5,4.1,1.93,3.5,4,1.95,3.5,4,1.91,3.4,3.9,1.9,3.69,4.21,1.95,3.75,4.2,1.88,3.56,4.07,1.92,3.65,4.5,1.98,1.88,2.03,1.86,2.04,1.91,1.95,1.81,2.08,1.89,-0.5,1.88,1.98,1.91,2,1.9,1.98,1.84,1.91,1.92,2.06,2.15,3.6,3.2,2.1,3.6,3.5,2.08,3.55,3.6,2.05,3.6,3.4,2.1,3.4,3.4,2.1,3.4,3.5,2.1,3.3,3.5,2.03,3.51,3.98,2.15,3.65,3.6,2.09,3.51,3.44,2.18,3.6,3.7,1.8,2,2.04,1.88,1.91,2.05,1.8,1.96,1.86,2.14,-0.25,1.82,1.92,1.75,2.21,1.82,2.05,1.74,1.99,1.89,2.11
E0,13/09/2025,12:30,Arsenal,Nott'm Forest,3,0,H,1,0,H,D England,16,5,5,1,8,11,8,4,1,1,0,0,1.38,5,8,1.4,4.6,9,1.38,4.9,8.5,1.36,5,8.5,1.39,4.8,8,1.4,4.8,8,1.4,4.8,7.5,1.38,5.25,8.14,1.42,5,9,1.38,4.85,8.16,1.4,5.3,9.6,1.73,2.1,1.71,2.22,1.75,2.2,1.69,2.11,1.75,2.28,-1.25,1.83,2.03,1.85,2.07,1.91,2.03,1.81,1.97,1.85,2.11,1.4,4.75,7.5,1.4,5,8,1.41,4.8,8,1.4,4.8,7.5,1.43,4.8,6.75,1.4,5,7.5,1.4,5,7,1.38,5.12,8.32,1.44,5,8,1.41,4.78,7.48,1.45,5,8.8,1.67,2.2,1.67,2.29,1.7,2.3,1.65,2.2,1.72,2.36,-1.25,1.98,1.88,1.86,2.05,1.98,1.98,1.89,1.9,2.03,1.96
E0,13/09/2025,15:00,Bournemouth,Brighton,2,1,H,1,0,H,P Bankes,13,6,5,2,16,10,4,4,4,4,0,0,2.35,3.5,2.9,2.38,3.6,3,2.4,3.5,2.95,2.38,3.6,2.8,2.4,3.5,2.8,2.4,3.5,2.8,2.37,3.5,2.75,2.4,3.57,2.98,2.43,3.65,3,2.38,3.5,2.87,2.46,3.65,3.05,1.67,2.2,1.71,2.23,1.72,2.2,1.67,2.14,1.76,2.28,-0.25,2.05,1.8,2.09,1.83,2.05,1.8,2.02,1.76,2.12,1.86,2.35,3.5,2.9,2.5,3.6,2.8,2.43,3.55,2.88,2.45,3.5,2.8,2.37,3.5,2.8,2.37,3.5,2.8,2.37,3.5,2.8,2.47,3.54,2.94,2.5,3.6,2.9,2.42,3.51,2.82,2.5,3.65,3.05,1.62,2.3,1.67,2.3,1.66,2.3,1.62,2.24,1.68,2.44,0,1.73,2.08,1.79,2.14,1.83,2.12,1.72,2.04,1.81,2.22
E0,13/09/2025,15:00,Crystal Palace,Sunderland,0,0,D,0,0,D,T Bramall,14,6,6,0,10,8,5,3,1,1,0,0,1.65,3.75,5.75,1.67,3.75,6,1.71,3.8,5.2,1.65,3.75,5.5,1.68,3.7,5.25,1.67,3.75,5.25,1.67,3.7,5.25,1.69,3.77,5.51,1.71,4.1,6,1.66,3.76,5.42,1.75,3.85,5.8,2.1,1.73,2.21,1.71,2.1,1.82,2.08,1.71,2.28,1.75,-0.75,1.83,2.03,1.92,1.99,1.89,2.1,1.83,1.95,1.89,2.07,1.67,3.6,5.5,1.7,3.6,5.5,1.7,3.8,5.3,1.67,3.7,5.5,1.7,3.6,5.25,1.7,3.6,5.25,1.7,3.5,5.25,1.69,3.69,5.82,1.7,3.85,5.75,1.68,3.65,5.41,1.72,3.85,6,2.2,1.67,2.22,1.71,2.25,1.71,2.16,1.67,2.3,1.74,-0.75,1.9,1.95,1.92,2.01,1.91,1.96,1.86,1.91,1.97,2.02
E0,13/09/2025,15:00,Everton,Aston Villa,0,0,D,0,0,D,S Hooper,20,7,2,1,17,15,10,3,3,3,0,0,2.45,3.3,2.9,2.5,3.3,3,2.43,3.3,3.05,2.45,3.2,3,2.45,3.25,2.87,2.45,3.3,2.87,2.45,3.25,2.87,2.46,3.41,3.01,2.5,3.4,3.05,2.44,3.27,2.95,2.54,3.4,3.15,2.05,1.8,2.04,1.85,2.1,1.8,2.02,1.76,2.1,1.86,-0.25,2.1,1.78,2.12,1.81,2.1,1.78,2.04,1.75,2.17,1.83,2.7,3.1,2.8,2.75,3.25,2.8,2.63,3.25,2.8,2.63,3.1,2.8,2.55,3.2,2.85,2.6,3.2,2.8,2.5,3.2,2.8,2.7,3.26,2.86,2.75,3.4,2.9,2.62,3.2,2.8,2.76,3.35,2.94,2.2,1.67,2.21,1.72,2.2,1.76,2.1,1.71,2.28,1.77,0,1.85,2,1.91,2.02,1.87,2,1.82,1.93,1.92,2.07
E0,13/09/2025,15:00,Fulham,Leeds,1,0,H,0,0,D,C Pawson,5,10,3,3,20,15,3,3,1,2,0,0,1.91,3.5,4,2,3.5,4,2,3.6,3.8,1.95,3.5,3.9,1.93,3.5,3.9,1.95,3.5,3.9,1.95,3.5,3.8,1.99,3.56,3.99,2,3.65,4.1,1.96,3.51,3.89,2.02,3.65,4.2,2.03,1.83,2.06,1.84,2.03,1.83,1.98,1.78,2.12,1.88,-0.5,1.95,1.9,2,1.91,1.96,1.92,1.91,1.84,2.02,1.96,2,3.4,3.75,2.05,3.4,4,2.07,3.45,3.7,2,3.4,3.8,2,3.3,3.8,2.1,3.3,3.6,2.05,3.3,3.6,2.11,3.38,3.87,2.1,3.5,4,2.04,3.37,3.76,2.12,3.55,4,2.2,1.67,2.13,1.78,2.2,1.79,2.06,1.73,2.16,1.84,-0.25,1.73,2.08,1.8,2.12,1.77,2.15,1.73,2.07,1.81,2.21
E0,13/09/2025,15:00,Newcastle,Wolves,1,0,H,1,0,H,C Kavanagh,16,8,4,3,10,17,10,4,1,4,0,0,1.42,4.75,7,1.44,4.6,8.5,1.43,4.8,7.5,1.4,4.6,8,1.43,4.6,7.25,1.44,4.6,7,1.44,4.6,7,1.43,4.93,7.21,1.44,4.8,8.5,1.43,4.62,7.45,1.47,4.9,8.2,1.8,2,1.79,2.1,1.8,2.12,1.74,2.04,1.84,2.14,-1.25,1.98,1.88,1.99,1.92,1.98,1.89,1.92,1.86,2.04,1.91,1.36,5,8.5,1.36,5,9.5,1.38,5.1,8.5,1.33,5.25,9,1.37,5,8.25,1.36,5,8.5,1.36,4.8,8,1.37,5.2,9.25,1.4,5.25,9.5,1.36,5,8.48,1.39,5.4,9.8,1.67,2.2,1.72,2.21,1.8,2.2,1.68,2.14,1.74,2.32,-1.25,1.75,2.05,1.85,2.09,1.88,2.05,1.77,2,1.86,2.15
E0,13/09/2025,17:30,West Ham,Tottenham,0,3,A,0,0,D,J Gillett,7,14,4,5,8,7,2,13,0,1,1,0,3.4,3.6,2.1,3.5,3.6,2.1,3.4,3.65,2.1,3.3,3.6,2.1,3.3,3.5,2.1,3.3,3.5,2.1,3.3,3.5,2.1,3.55,3.62,2.1,3.5,3.75,2.12,3.36,3.56,2.1,3.6,3.75,2.16,1.8,2,1.79,2.11,1.8,2.07,1.76,2.02,1.81,2.16,0.25,2.03,1.83,2.09,1.83,2.03,1.83,1.98,1.76,2.12,1.87,3.1,3.5,2.2,3.4,3.6,2.2,3.4,3.55,2.14,3.2,3.6,2.15,3.2,3.5,2.2,3.25,3.5,2.15,3.25,3.4,2.15,3.44,3.59,2.18,3.45,3.6,2.2,3.27,3.51,2.17,3.5,3.65,2.26,1.73,2.1,1.77,2.15,1.8,2.15,1.73,2.07,1.81,2.22,0.25,1.93,1.93,2.03,1.89,1.99,1.93,1.94,1.8,2.04,1.95
E0,13/09/2025,20:00,Brentford,Chelsea,2,2,D,1,0,H,S Attwell,7,16,4,6,13,9,5,6,3,2,0,0,4.5,3.9,1.73,4.6,4,1.73,4.8,4.1,1.71,4.6,3.9,1.73,4.4,3.9,1.75,4.4,3.9,1.75,4.4,3.8,1.75,4.63,3.95,1.76,4.8,4.1,1.75,4.54,3.92,1.73,4.9,4,1.82,1.73,2.1,1.75,2.15,1.73,2.25,1.7,2.11,1.8,2.2,0.75,1.9,1.95,1.91,2,1.94,1.95,1.89,1.89,1.93,2.04,4.2,3.75,1.83,4,3.75,1.91,4.3,3.8,1.84,4.2,3.75,1.83,4.2,3.7,1.83,4.2,3.6,1.83,4.2,3.6,1.83,4.21,3.86,1.88,4.33,3.8,1.91,4.21,3.72,1.83,4.6,3.9,1.89,1.83,2.03,1.74,2.19,1.83,2.05,1.79,2,1.92,2.08,0.5,2,1.85,2.05,1.88,2.05,1.85,1.98,1.8,2.11,1.89
E0,14/09/2025,14:00,Burnley,Liverpool,0,1,A,0,0,D,M Oliver,3,27,0,4,9,9,1,13,0,2,0,0,8,5.5,1.33,9.5,5.5,1.33,9,5.6,1.33,8.5,5.25,1.3,8.25,5.5,1.33,8.5,5.5,1.33,8,5.5,1.33,9,5.44,1.34,9.5,5.6,1.35,8.6,5.43,1.33,9.6,5.8,1.37,1.53,2.5,1.57,2.51,1.56,2.5,1.52,2.44,1.58,2.62,1.5,1.9,1.95,1.93,1.98,1.95,1.95,1.88,1.88,1.94,2.01,9,5.75,1.3,9,5.5,1.33,9,5.6,1.32,9,5.75,1.3,8.5,5.5,1.33,8,5.5,1.35,8,5.25,1.33,9.5,5.7,1.33,9.5,5.75,1.35,8.63,5.54,1.32,10.5,6,1.34,1.53,2.5,1.53,2.61,1.53,2.7,1.49,2.55,1.57,2.72,1.5,1.9,1.95,1.95,1.97,1.96,1.95,1.9,1.87,2,1.98
E0,14/09/2025,16:30,Man City,Man United,3,0,H,1,0,H,A Taylor,13,12,6,2,8,8,2,4,0,0,0,0,1.75,4,4.2,1.8,4,4.33,1.79,3.95,4.35,1.73,4,4.1,1.77,4,4.1,1.75,4,4,1.75,4,4,1.8,4,4.33,1.8,4.3,4.5,1.76,3.99,4.19,1.82,4.1,4.6,1.57,2.38,1.59,2.46,1.57,2.5,1.55,2.38,1.62,2.56,-0.75,2,1.85,2.03,1.88,2,1.95,1.94,1.84,2.05,1.94,1.62,4.2,4.75,1.73,4,4.33,1.68,4.1,4.9,1.6,4.33,5,1.65,4.1,4.8,1.67,4,4.6,1.67,4,4.6,1.77,4.05,4.53,1.73,4.33,5.1,1.65,4.14,4.83,1.7,4.4,5.2,1.53,2.5,1.59,2.49,1.58,2.55,1.53,2.44,1.6,2.62,-1,2.03,1.83,2.32,1.68,2.1,1.83,2.03,1.77,2.13,1.86
E0,20/09/2025,12:30,Liverpool,Everton,2,1,H,2,0,H,D England,11,9,3,2,11,10,5,4,2,3,0,0,1.45,4.75,6.5,1.44,4.6,7,1.45,4.8,7,1.44,4.75,7,1.47,4.6,6.25,1.48,4.6,6.5,1.44,4.2,5.75,1.45,4.7,7.25,1.48,4.8,7.5,1.45,4.65,6.7,1.49,4.9,8,1.62,2.3,1.63,2.37,1.62,2.38,1.59,2.28,1.65,2.5,-1.25,1.98,1.88,2.01,1.9,1.98,1.9,1.91,1.86,2.06,1.93,1.5,4.33,6.25,1.53,4.6,7,1.52,4.4,6.25,1.5,4.2,7,1.52,4.4,6,1.5,4.5,6,1.5,4.4,6,1.54,4.4,6.5,1.53,4.6,7,1.51,4.35,6.31,1.54,4.6,7.2,1.73,2.1,1.73,2.2,1.75,2.23,1.69,2.13,1.8,2.24,-1,1.85,2,1.93,1.99,1.85,2,1.81,1.97,1.93,2.05
E0,20/09/2025,15:00,Brighton,Tottenham,2,2,D,2,1,H,C Kavanagh,12,11,4,3,10,13,2,10,1,2,0,0,2.25,3.7,3,2.25,3.6,3.1,2.25,3.7,3.05,2.25,3.6,3,2.25,3.6,2.95,2.25,3.6,3,2.25,3.5,2.9,2.28,3.67,3.1,2.28,3.75,3.1,2.25,3.61,3,2.38,3.7,3.15,1.67,2.2,1.71,2.23,1.67,2.25,1.64,2.2,1.73,2.32,-0.25,1.98,1.88,1.99,1.92,1.98,1.88,1.93,1.84,2.07,1.92,2.1,3.6,3.3,2.2,3.6,3.25,2.2,3.7,3.15,2.15,3.7,3.13,2.2,3.6,3,2.2,3.6,3,2.2,3.6,3,2.28,3.74,3.1,2.2,3.75,3.3,2.17,3.63,3.14,2.2,3.8,3.5,1.67,2.2,1.67,2.33,1.68,2.3,1.65,2.2,1.74,2.32,-0.25,1.85,2,2,1.93,1.88,2,1.84,1.92,1.91,2.08
E0,20/09/2025,15:00,Burnley,Nott'm Forest,1,1,D,1,1,D,T Bramall,12,17,5,8,12,11,4,5,1,1,0,0,3.4,3.3,2.2,3.5,3.5,2.15,3.45,3.4,2.18,3.4,3.25,2.2,3.25,3.4,2.2,3.25,3.4,2.2,3.2,3.4,2.15,3.43,3.47,2.2,3.5,3.5,2.2,3.36,3.37,2.18,3.5,3.45,2.3,2,1.85,1.99,1.9,2,1.91,1.94,1.82,2.04,1.94,0.25,1.98,1.88,2,1.91,1.98,1.88,1.93,1.8,2,1.98,3.5,3.3,2.15,3.6,3.4,2.15,3.45,3.4,2.18,3.5,3.2,2.2,3.4,3.3,2.15,3.25,3.25,2.25,3.25,3.25,2.2,3.46,3.37,2.26,3.6,3.4,2.25,3.41,3.31,2.18,3.5,3.5,2.28,2.1,1.73,2.09,1.81,2.1,1.8,2.04,1.75,2.2,1.82,0.25,2.03,1.83,1.98,1.94,2.03,1.88,1.94,1.79,2.02,1.96
E0,20/09/2025,15:00,West Ham,Crystal Palace,1,2,A,0,1,A,T Harrington,8,18,3,3,15,5,8,8,3,3,0,0,2.88,3.5,2.38,3.1,3.3,2.4,3.1,3.4,2.35,3,3.3,2.38,2.9,3.4,2.4,2.9,3.4,2.4,2.87,3.3,2.37,3.09,3.39,2.41,3.1,3.5,2.4,2.98,3.36,2.37,3.15,3.45,2.5,2.05,1.8,2.05,1.85,2.05,1.8,1.98,1.79,2.1,1.87,0.25,1.8,2.05,1.84,2.08,1.82,2.05,1.78,1.93,1.86,2.14,3.1,3.5,2.25,3,3.4,2.4,3.15,3.4,2.33,3,3.6,2.25,3,3.5,2.3,3,3.4,2.3,3,3.4,2.3,3.26,3.4,2.34,3.15,3.6,2.4,3.04,3.42,2.31,3.2,3.55,2.42,1.8,2,2.01,1.9,2,2.05,1.83,1.95,1.87,2.12,0.25,1.9,1.95,1.91,2.02,1.9,2,1.83,1.9,1.9,2.09
E0,20/09/2025,15:00,Wolves,Leeds,1,3,A,1,3,A,A Taylor,16,6,6,4,11,9,4,0,1,1,0,0,2.7,3.2,2.75,2.6,3,2.63,2.65,3.25,2.8,2.7,3.2,2.7,2.65,3.2,2.75,2.62,3.2,2.75,2.62,3.1,2.75,2.78,3.21,2.76,2.71,3.25,2.8,2.67,3.16,2.74,2.88,3.2,2.88,2.3,1.62,2.35,1.65,2.3,1.65,2.22,1.62,2.38,1.69,0,1.93,1.93,1.96,1.94,1.93,2.1,1.8,1.97,1.99,2,3.1,3.1,2.45,2.63,2.88,2.6,2.88,3.15,2.6,2.9,3.2,2.5,2.87,3.1,2.55,2.87,3.1,2.6,2.87,3.1,2.6,2.85,3.17,2.77,3.1,3.2,2.7,2.88,3.08,2.58,3.1,3.2,2.7,2.3,1.62,2.32,1.66,2.38,1.64,2.3,1.59,2.52,1.65,0,2.1,1.78,1.99,1.93,2.1,2.1,1.9,1.88,2.13,1.87
E0,20/09/2025,17:30,Man United,Chelsea,2,1,H,2,0,H,P Bankes,11,5,4,1,13,14,5,5,0,5,1,1,2.6,3.8,2.45,2.8,3.6,2.5,2.7,3.75,2.45,2.63,3.75,2.45,2.65,3.7,2.4,2.7,3.7,2.4,2.62,3.6,2.4,2.71,3.74,2.52,2.8,3.8,2.5,2.68,3.69,2.44,2.8,3.8,2.58,1.57,2.38,1.59,2.46,1.61,2.38,1.57,2.32,1.63,2.56,0,2,1.85,2.02,1.88,2.02,1.85,1.98,1.78,2.08,1.91,2.55,3.75,2.5,2.63,3.6,2.63,2.65,3.65,2.55,2.7,3.6,2.5,2.65,3.6,2.5,2.62,3.6,2.5,2.62,3.6,2.45,2.71,3.69,2.58,2.7,3.75,2.63,2.64,3.62,2.51,2.76,3.85,2.62,1.57,2.38,1.59,2.44,1.6,2.45,1.57,2.37,1.64,2.54,0,1.98,1.88,2.01,1.92,2.02,1.88,1.96,1.81,2.05,1.94
E0,20/09/2025,20:00,Fulham,Brentford,3,1,H,2,1,H,M Oliver,14,8,3,3,11,13,2,10,4,1,0,0,2,3.4,3.8,2.05,3.5,3.75,2.02,3.55,3.75,2,3.5,3.7,2.05,3.5,3.6,2.05,3.5,3.6,2.05,3.4,3.5,2.05,3.44,3.92,2.05,3.6,4,2.02,3.48,3.69,2.08,3.55,4,2,1.85,1.99,1.9,2,1.92,1.91,1.86,2.02,1.95,-0.5,2.03,1.83,2.06,1.85,2.03,1.83,1.96,1.8,2.08,1.89,2.1,3.25,3.6,2.15,3.4,3.6,2.08,3.4,3.75,2.15,3.2,3.6,2.1,3.3,3.5,2.15,3.3,3.5,2.1,3.3,3.4,2.19,3.32,3.71,2.16,3.4,3.8,2.12,3.29,3.58,2.22,3.35,3.9,2.1,1.73,2.11,1.8,2.1,1.86,2.02,1.77,2.16,1.85,-0.25,1.85,2,1.88,2.06,1.85,2.06,1.79,2.01,1.9,2.1
E0,21/09/2025,14:00,Bournemouth,Newcastle,0,0,D,0,0,D,R Jones,11,4,2,1,7,10,5,2,2,1,0,0,2.5,3.5,2.7,2.5,3.4,2.88,2.4,3.6,2.85,2.4,3.4,2.75,2.5,3.4,2.75,2.5,3.4,2.75,2.45,3.4,2.7,2.47,3.57,2.87,2.54,3.6,2.88,2.44,3.45,2.78,2.52,3.6,2.98,1.83,2.03,1.86,2.03,1.83,2.03,1.8,1.97,1.91,2.08,0,1.8,2.05,1.81,2.11,1.87,2.05,1.81,1.94,1.83,2.17,2.5,3.2,2.9,2.4,3.25,3,2.3,3.4,3.2,2.4,3.3,3,2.35,3.3,3,2.37,3.3,3,2.37,3.3,3,2.52,3.45,2.93,2.57,3.4,3.2,2.38,3.29,3.02,2.5,3.3,3.3,1.88,1.98,1.88,2.04,1.94,1.98,1.86,1.91,1.95,2.04,-0.25,2.1,1.7,2.17,1.78,2.16,1.86,2,1.78,2.15,1.85
E0,21/09/2025,14:00,Sunderland,Aston Villa,1,1,D,0,0,D,S Barrott,14,12,4,2,14,8,6,5,2,1,1,0,3.4,3.5,2.1,3.75,3.4,2.1,3.65,3.4,2.12,3.5,3.25,2.1,3.5,3.4,2.1,3.5,3.4,2.1,3.5,3.3,2.1,3.71,3.37,2.14,3.75,3.5,2.12,3.56,3.34,2.1,3.75,3.4,2.22,2.2,1.67,2.23,1.71,2.2,1.76,2.09,1.7,2.26,1.75,0.25,2.03,1.83,2.08,1.84,2.03,1.83,1.99,1.73,2.07,1.9,3.8,3.3,2,4,3.4,2,3.75,3.35,2.1,4,3.3,2,3.7,3.3,2.1,3.7,3.3,2.1,3.6,3.25,2.05,3.61,3.32,2.22,4,3.4,2.1,3.8,3.32,2.04,4.1,3.6,2.06,2,1.8,2.23,1.72,2.1,1.8,2.05,1.75,2.18,1.84,0.5,1.83,2.03,1.74,2.22,1.85,2.08,1.77,2.01,1.92,2.06
E0,21/09/2025,16:30,Arsenal,Man City,1,1,D,0,1,A,S Attwell,12,5,3,3,11,10,11,2,1,2,0,0,1.85,3.9,3.8,1.95,3.75,3.75,1.92,3.8,3.9,1.85,3.6,3.9,1.88,3.7,3.9,1.91,3.7,3.9,1.91,3.7,3.8,1.92,3.8,3.99,1.95,3.9,4,1.9,3.7,3.85,1.97,3.85,4.1,1.8,2,1.85,2.05,1.82,2.05,1.77,2,1.89,2.1,-0.5,1.88,1.98,1.93,1.98,1.91,1.98,1.86,1.9,1.98,2.01,2,3.6,3.6,2.05,3.6,3.75,2.08,3.6,3.5,2.05,3.5,3.6,2.05,3.6,3.5,2.05,3.6,3.5,2,3.6,3.5,2.05,3.65,3.76,2.1,3.65,3.75,2.05,3.56,3.54,2.1,3.6,3.9,1.8,2,1.83,2.05,1.8,2.1,1.75,2.03,1.85,2.16,-0.5,2.03,1.83,2.06,1.88,2.05,1.83,1.99,1.78,2.12,1.88
E0,27/09/2025,12:30,Brentford,Man United,3,1,H,2,1,H,C Pawson,10,14,8,6,14,10,4,2,2,2,0,0,3.4,3.8,2,3.4,3.75,2.1,3.4,3.85,2.04,3.5,3.75,2,3.4,3.75,2,3.4,3.75,2,3.4,3.7,2,3.47,3.79,2.07,3.5,4,2.1,3.4,3.77,2.02,3.7,3.95,2.08,1.67,2.2,1.69,2.26,1.67,2.3,1.64,2.22,1.72,2.34,0.5,1.85,2,1.83,2.08,1.85,2,1.79,1.98,1.91,2.08,3.2,3.75,2.1,3.4,3.75,2.1,3.35,3.8,2.08,3.3,3.8,2.05,3.2,3.7,2.1,3.2,3.7,2.1,3.2,3.7,2.1,3.39,3.82,2.12,3.6,3.85,2.1,3.3,3.74,2.07,3.55,3.95,2.14,1.57,2.38,1.65,2.34,1.64,2.4,1.58,2.33,1.65,2.5,0.5,1.75,2.05,1.81,2.12,1.85,2.05,1.76,2.01,1.87,2.14
E0,27/09/2025,15:00,Chelsea,Brighton,1,3,A,1,0,H,S Hooper,13,12,3,3,9,16,5,7,3,5,1,0,1.85,3.8,3.8,1.91,3.75,4,1.87,3.8,4.1,1.87,3.9,3.8,1.85,3.9,3.8,1.85,3.9,3.8,1.85,3.9,3.8,1.9,3.86,3.98,1.91,4,4.1,1.86,3.86,3.86,1.96,4,4.1,1.62,2.3,1.63,2.37,1.64,2.35,1.59,2.29,1.66,2.48,-0.5,1.88,1.98,1.92,1.99,1.88,1.98,1.82,1.93,1.95,2.03,2,3.75,3.5,2,3.75,3.6,1.95,3.9,3.7,2,3.75,3.5,1.98,3.6,3.5,1.95,3.7,3.6,1.95,3.7,3.6,1.91,3.91,4,2.02,4,3.8,1.98,3.75,3.57,2.08,3.75,3.95,1.67,2.2,1.68,2.28,1.72,2.35,1.64,2.22,1.73,2.36,-0.5,2,1.85,1.92,2.01,2.02,1.95,1.93,1.83,2.08,1.92
E0,27/09/2025,15:00,Crystal Palace,Liverpool,2,1,H,1,0,H,C Kavanagh,16,20,7,4,10,8,2,6,1,3,0,0,3.8,3.8,1.9,4,3.75,1.91,3.95,3.75,1.92,3.8,3.75,1.9,3.75,3.75,1.9,3.75,3.75,1.91,3.7,3.75,1.91,3.93,3.73,1.95,4,3.8,1.95,3.82,3.72,1.91,4.2,3.85,1.97,1.73,2.1,1.8,2.09,1.76,2.12,1.72,2.07,1.83,2.18,0.5,1.93,1.93,1.94,1.96,1.93,1.93,1.89,1.87,2.02,1.97,4.2,3.6,1.85,4,3.75,1.91,4.1,3.8,1.87,3.9,3.8,1.87,3.9,3.75,1.88,3.9,3.75,1.85,3.9,3.7,1.85,4.3,3.71,1.89,4.2,3.8,1.91,4.01,3.71,1.87,4.5,3.8,1.93,1.73,2.1,1.75,2.18,1.73,2.17,1.71,2.11,1.77,2.26,0.5,1.98,1.88,2.02,1.91,1.98,1.88,1.93,1.83,2.06,1.93
E0,27/09/2025,15:00,Leeds,Bournemouth,2,2,D,1,1,D,M Oliver,19,12,8,5,12,13,7,4,2,2,0,0,3.1,3.25,2.38,3,3.3,2.5,3,3.4,2.4,3.1,3.2,2.4,2.9,3.3,2.4,2.9,3.3,2.4,2.87,3.3,2.4,2.99,3.32,2.51,3.1,3.4,2.5,2.98,3.29,2.41,3.15,3.4,2.54,2.03,1.83,2.05,1.85,2.03,1.85,1.96,1.81,2.12,1.87,0.25,1.8,2.05,1.77,2.15,1.8,2.05,1.76,1.95,1.85,2.16,3,3.2,2.45,3,3.3,2.5,2.95,3.25,2.5,3,3.2,2.45,2.95,3.25,2.45,2.9,3.25,2.5,2.87,3.2,2.45,3.01,3.37,2.5,3.05,3.3,2.54,2.96,3.23,2.46,3.1,3.4,2.6,2.05,1.8,2.09,1.83,2.05,1.84,1.99,1.8,2.08,1.9,0.25,1.78,2.1,1.8,2.16,1.83,2.1,1.74,2.01,1.81,2.21
E0,27/09/2025,15:00,Man City,Burnley,5,1,H,1,1,D,R Jones,21,9,8,2,5,7,10,2,1,3,0,0,1.17,7.5,15,1.18,7.5,17,1.18,8,16,1.15,7.5,17,1.18,7.5,15.5,1.18,7.5,15,1.17,7.5,15,1.17,8.36,14.45,1.19,8,17,1.17,7.48,15.54,1.19,9.2,19.5,1.44,2.75,1.45,2.77,1.46,2.8,1.43,2.74,1.47,3,-2,1.83,2.03,1.93,1.96,1.9,2.03,1.82,1.96,1.85,2.13,1.17,7.5,15,1.2,7,15,1.18,7.5,15,1.18,7,15,1.21,7.25,12.5,1.2,7,13,1.2,7,13,1.2,7.49,14.84,1.21,7.5,15,1.19,7.02,14.17,1.22,7.8,19,1.5,2.63,1.49,2.66,1.5,2.9,1.44,2.74,1.51,2.94,-2,1.95,1.9,2.03,1.88,1.95,1.98,1.88,1.89,2.05,1.92
E0,27/09/2025,17:30,Nott'm Forest,Sunderland,0,1,A,0,1,A,T Harrington,22,11,6,3,11,6,7,4,4,2,0,0,1.75,3.75,4.5,1.8,3.6,5,1.78,3.7,4.75,1.75,3.7,4.75,1.78,3.7,4.5,1.8,3.7,4.5,1.75,3.6,4.5,1.78,3.82,4.76,1.8,3.75,5,1.77,3.67,4.64,1.83,3.8,5.1,2,1.85,2,1.89,2.08,1.86,1.97,1.8,2.12,1.87,-0.75,2,1.85,2.01,1.89,2,1.85,1.96,1.8,2.08,1.9,1.75,3.8,4.75,1.8,3.6,5,1.77,3.75,4.75,1.73,3.75,4.8,1.75,3.7,4.6,1.75,3.6,4.6,1.75,3.6,4.6,1.78,3.82,4.79,1.8,3.8,5,1.75,3.69,4.73,1.81,3.95,5.1,1.93,1.93,2.02,1.88,2.02,1.93,1.95,1.83,2.04,1.93,-0.75,1.98,1.88,2.03,1.9,1.98,1.88,1.94,1.84,2.03,1.94
E0,27/09/2025,20:00,Tottenham,Wolves,1,1,D,0,0,D,M Salisbury,10,9,3,3,9,11,10,9,3,2,0,0,1.5,4.5,6,1.5,4.5,7,1.46,4.9,6.75,1.45,4.5,6.5,1.49,4.5,6.25,1.48,4.5,6,1.48,4.5,6,1.49,4.96,6.08,1.5,4.9,7,1.47,4.57,6.38,1.49,5.1,7.2,1.73,2.1,1.75,2.15,1.73,2.25,1.68,2.14,1.75,2.28,-1.25,2.05,1.75,2.12,1.79,2.05,1.83,1.99,1.76,2.17,1.83,1.5,4.2,6.5,1.57,4.33,6,1.52,4.6,6.1,1.53,4.2,6,1.53,4.2,6,1.53,4.2,6,1.53,4.2,6,1.58,4.37,5.76,1.57,4.6,6.5,1.53,4.27,6.05,1.54,4.5,7.4,1.73,2.1,1.77,2.14,1.75,2.15,1.72,2.1,1.83,2.18,-1,1.9,1.95,2.01,1.92,1.9,2,1.85,1.93,1.93,2.05
E0,28/09/2025,14:00,Aston Villa,Fulham,3,1,H,1,1,D,A Madley,9,11,4,4,10,13,2,8,1,4,0,0,2.3,3.1,3.4,2.3,3.25,3.3,2.35,3.2,3.25,2.25,3.3,3.25,2.25,3.2,3.3,2.25,3.2,3.3,2.25,3.2,3.3,2.3,3.15,3.55,2.35,3.3,3.4,2.29,3.19,3.3,2.38,3.25,3.6,2.1,1.73,2.17,1.75,2.23,1.73,2.11,1.69,2.28,1.77,-0.25,1.95,1.9,1.96,1.94,1.97,1.9,1.93,1.84,2.02,1.96,2.2,3.3,3.4,2.2,3.3,3.5,2.32,3.3,3.25,2.25,3.2,3.4,2.25,3.2,3.4,2.25,3.2,3.4,2.2,3.2,3.3,2.38,3.25,3.34,2.32,3.33,3.5,2.25,3.24,3.34,2.34,3.45,3.5,2.05,1.8,2.16,1.76,2.14,1.83,2.04,1.76,2.08,1.91,-0.25,1.9,1.95,2.03,1.89,1.95,1.95,1.91,1.87,2,1.99
E0,28/09/2025,16:30,Newcastle,Arsenal,1,2,A,1,0,H,J Gillett,8,20,3,7,8,9,7,12,2,1,0,0,3.6,3.4,2.1,3.6,3.3,2.2,3.6,3.4,2.12,3.4,3.3,2.1,3.5,3.3,2.1,3.5,3.3,2.1,3.5,3.3,2.1,3.64,3.4,2.15,3.66,3.4,2.2,3.51,3.32,2.12,3.75,3.45,2.24,2.1,1.73,2.19,1.74,2.12,1.76,2.08,1.71,2.28,1.77,0.25,2.03,1.83,2.06,1.85,2.03,1.83,1.98,1.74,2.07,1.91,3.4,3.3,2.15,3.5,3.3,2.25,3.4,3.25,2.28,3.4,3.3,2.2,3.4,3.2,2.2,3.4,3.2,2.2,3.3,3.2,2.2,3.78,3.36,2.14,3.5,3.33,2.3,3.4,3.26,2.21,3.65,3.4,2.28,2.1,1.73,2.3,1.67,2.18,1.75,2.11,1.71,2.18,1.84,0.25,1.98,1.88,2.1,1.84,1.98,1.91,1.91,1.82,2.04,1.95
E0,29/09/2025,20:00,Everton,West Ham,1,1,D,1,0,H,S Barrott,12,14,6,3,7,16,3,5,3,4,0,0,1.7,3.75,5,1.73,3.75,5,1.75,3.7,5,1.7,3.6,4.75,1.73,3.7,4.8,1.73,3.7,4.8,1.73,3.7,4.8,1.74,3.88,4.9,1.76,3.75,5,1.72,3.69,4.83,1.73,3.9,5.5,1.93,1.93,1.94,1.94,2.04,1.93,1.91,1.85,1.99,1.96,-0.75,1.9,1.95,1.97,1.93,1.95,1.95,1.91,1.86,1.94,2.04,1.62,3.9,5.5,1.67,4,5.5,1.67,3.85,5.4,1.65,3.9,5.25,1.68,3.8,5,1.67,3.8,5,1.67,3.8,5,1.68,3.9,5.46,1.68,4,5.5,1.65,3.87,5.28,1.71,4.1,5.7,1.88,1.98,2,1.9,1.92,1.98,1.86,1.91,1.94,2.04,-0.75,1.8,2.05,1.89,2.03,1.84,2.05,1.8,1.98,1.9,2.08
E0,03/10/2025,20:00,Bournemouth,Fulham,3,1,H,0,0,D,S Hooper,11,12,6,4,8,10,4,3,0,1,0,0,1.95,3.5,3.9,2,3.5,4,1.97,3.55,3.95,2,3.5,3.7,1.95,3.5,3.9,1.95,3.5,3.9,1.95,3.5,3.9,1.99,3.6,3.93,2,3.6,4,1.97,3.5,3.85,2.06,3.65,4.1,2,1.85,2.01,1.88,2.05,1.91,1.93,1.85,2.06,1.91,-0.5,2,1.85,2,1.91,2,1.87,1.93,1.83,2.06,1.94,1.95,3.4,4.1,2,3.5,4,1.92,3.55,4.1,2,3.4,3.8,1.93,3.4,4.1,1.95,3.4,4,1.91,3.4,4,2.02,3.55,3.98,2,3.6,4.2,1.95,3.43,4.01,2.02,3.55,4.4,2.1,1.73,2.04,1.88,2.1,1.78,2.06,1.75,2.22,1.81,-0.5,1.98,1.88,2.03,1.9,1.98,1.9,1.91,1.85,2.02,1.97
E0,04/10/2025,12:30,Leeds,Tottenham,1,2,A,1,1,D,T Bramall,16,9,4,3,10,12,4,1,2,3,0,0,2.7,3.5,2.5,2.88,3.4,2.5,2.75,3.55,2.55,2.75,3.4,2.5,2.75,3.5,2.45,2.75,3.5,2.45,2.75,3.4,2.45,2.78,3.56,2.55,2.88,3.55,2.55,2.75,3.46,2.49,2.86,3.55,2.68,1.95,1.9,1.97,1.92,1.95,1.96,1.89,1.89,2,1.97,0,2.03,1.83,2.04,1.87,2.03,1.83,1.98,1.8,2.07,1.91,2.8,3.4,2.5,2.75,3.4,2.63,2.75,3.4,2.6,2.75,3.4,2.5,2.7,3.4,2.55,2.7,3.4,2.5,2.7,3.3,2.5,2.77,3.45,2.65,2.85,3.4,2.63,2.75,3.35,2.55,2.92,3.5,2.68,1.95,1.9,1.97,1.93,1.98,1.91,1.91,1.86,2.02,1.96,0,2.05,1.8,2.01,1.92,2.05,1.88,1.99,1.8,2.08,1.91
E0,04/10/2025,15:00,Arsenal,West Ham,2,0,H,1,0,H,J Brooks,21,4,5,0,14,14,8,3,0,2,0,0,1.18,6.5,17,1.2,7,17,1.2,7,15,1.17,7,17,1.2,6.75,14.5,1.2,7,15,1.2,6.5,13,1.21,6.93,13.68,1.2,7.5,17,1.19,6.83,15.25,1.22,7.8,17.5,1.53,2.5,1.54,2.56,1.58,2.65,1.52,2.47,1.59,2.62,-2,1.98,1.88,2.02,1.88,1.98,1.91,1.92,1.86,2.02,1.94,1.17,8,15,1.18,7.5,15,1.18,7.5,16,1.18,7,15,1.2,7.25,13,1.18,7.5,13,1.2,7,13,1.22,6.82,14.76,1.2,8,17,1.18,7.28,14.63,1.19,8.8,19.5,1.44,2.75,1.49,2.64,1.55,3.1,1.41,2.84,1.43,3.25,-2,1.95,1.9,2.08,1.84,1.95,2.14,1.84,1.94,1.95,2.03
E0,04/10/2025,15:00,Man United,Sunderland,2,0,H,2,0,H,S Attwell,15,8,6,3,10,12,2,3,1,4,0,0,1.5,4.75,5.75,1.5,4.6,6.5,1.52,4.6,6,1.5,4.4,6,1.51,4.5,5.75,1.5,4.5,5.75,1.5,4.5,5.75,1.51,4.7,6.18,1.53,4.75,6.5,1.5,4.55,5.98,1.53,4.9,6.6,1.62,2.3,1.66,2.3,1.7,2.3,1.64,2.21,1.67,2.46,-1,1.8,2.05,1.85,2.06,1.83,2.05,1.78,1.99,1.88,2.11,1.62,4.33,5,1.6,4.2,5.5,1.62,4.25,5.3,1.57,4.5,5,1.61,4.2,5,1.6,4.2,5.25,1.6,4.2,5,1.57,4.41,5.78,1.69,4.5,5.5,1.61,4.22,5.1,1.67,4.5,5.5,1.62,2.3,1.73,2.19,1.68,2.3,1.64,2.22,1.69,2.4,-0.75,1.75,2.05,1.72,2.24,1.85,2.07,1.74,2.05,1.83,2.17
E0,04/10/2025,17:30,Chelsea,Liverpool,2,1,H,1,0,H,A Taylor,12,12,6,2,9,8,7,2,0,2,0,0,2.8,3.75,2.3,2.88,3.75,2.25,2.9,3.75,2.3,2.88,3.8,2.25,2.9,3.6,2.25,2.9,3.6,2.3,2.9,3.6,2.25,2.92,3.89,2.3,2.95,3.8,2.38,2.87,3.7,2.28,3,3.85,2.42,1.53,2.5,1.56,2.54,1.57,2.5,1.53,2.43,1.57,2.72,0.25,1.8,2.05,1.88,2.03,1.86,2.05,1.82,1.91,1.89,2.1,2.9,3.6,2.3,2.88,3.75,2.38,2.95,3.65,2.32,2.88,3.8,2.25,2.8,3.6,2.3,2.8,3.6,2.3,2.8,3.6,2.3,2.9,3.85,2.36,3,3.8,2.38,2.87,3.64,2.31,3.05,3.8,2.42,1.57,2.38,1.52,2.59,1.6,2.6,1.55,2.41,1.61,2.6,0.25,1.83,2.03,1.86,2.07,1.83,2.03,1.81,1.93,1.9,2.1
E0,05/10/2025,14:00,Aston Villa,Burnley,2,1,H,1,0,H,A Kitchen,15,5,7,2,9,15,6,4,3,1,0,0,1.6,4,5.75,1.62,4,6,1.58,4.2,5.8,1.57,4,6,1.58,4,5.5,1.6,4,5.5,1.57,4,5.5,1.6,3.99,6.21,1.62,4.2,6,1.59,4,5.76,1.64,4,6.4,1.98,1.88,1.96,1.93,1.98,1.92,1.9,1.87,2.02,1.94,-1,2.05,1.8,2.09,1.83,2.05,1.82,1.98,1.79,2.14,1.84,1.55,4.1,6,1.53,4.2,6.5,1.53,4.25,6.5,1.53,4.1,6.5,1.58,3.9,6,1.57,3.9,6,1.57,3.9,5.75,1.65,3.91,5.77,1.62,4.25,6.5,1.55,4.05,6.13,1.59,4.3,7,1.93,1.93,1.95,1.95,1.93,2,1.88,1.9,1.98,2,-1,1.95,1.9,2.15,1.78,2.08,1.95,1.92,1.86,1.99,2
E0,05/10/2025,14:00,Everton,Crystal Palace,2,1,H,0,1,A,M Salisbury,14,15,7,8,13,16,2,4,2,3,0,0,2.45,3.25,3,2.6,3.2,2.88,2.63,3.25,2.85,2.5,3.25,2.9,2.5,3.2,2.9,2.5,3.2,2.9,2.5,3.2,2.87,2.59,3.26,2.95,2.65,3.25,3,2.53,3.21,2.89,2.6,3.3,3.1,2.2,1.67,2.28,1.68,2.33,1.67,2.2,1.65,2.28,1.75,0,1.7,2.1,1.83,2.09,1.77,2.1,1.72,2.02,1.83,2.18,2.6,3.2,2.8,2.6,3.1,2.88,2.75,3.2,2.75,2.7,3,2.8,2.65,3.1,2.8,2.62,3.1,2.8,2.62,3.1,2.75,2.61,3.23,2.99,2.75,3.2,2.9,2.65,3.1,2.82,2.8,3.2,2.98,2.3,1.62,2.23,1.72,2.32,1.67,2.25,1.62,2.4,1.68,0,1.88,1.98,1.83,2.11,1.88,2.02,1.82,1.96,1.93,2.06
E0,05/10/2025,14:00,Newcastle,Nott'm Forest,2,0,H,0,0,D,P Bankes,18,5,9,4,16,15,8,1,0,4,0,0,1.57,4.2,5.5,1.6,4.2,5.5,1.57,4.4,5.75,1.57,4.2,5.5,1.6,4.1,5.5,1.6,4.2,5.25,1.61,4,5,1.63,4.3,5.27,1.61,4.4,5.75,1.58,4.21,5.46,1.59,4.5,6.2,1.73,2.1,1.71,2.22,1.73,2.23,1.69,2.12,1.79,2.22,-1,2,1.85,2.12,1.79,2,1.9,1.93,1.85,2.05,1.92,1.5,4.5,6,1.5,4.5,6.5,1.5,4.6,6.4,1.5,4.4,6,1.53,4.33,5.75,1.53,4.33,6,1.5,4.33,6,1.57,4.39,5.91,1.53,4.6,6.5,1.51,4.42,6.06,1.55,4.8,6.6,1.62,2.3,1.71,2.23,1.66,2.3,1.64,2.23,1.74,2.32,-1,1.83,2.03,1.96,1.96,1.85,2.05,1.8,1.99,1.93,2.06
E0,05/10/2025,14:00,Wolves,Brighton,1,1,D,1,0,H,J Gillett,6,17,3,6,13,9,2,8,2,4,0,0,3.6,3.7,2,3.75,3.6,2,3.85,3.65,1.98,3.6,3.6,2,3.7,3.6,1.98,3.7,3.6,1.95,3.6,3.6,1.95,3.82,3.68,1.99,3.85,3.7,2,3.67,3.6,1.99,3.85,3.8,2.08,1.85,2,1.89,2,1.92,2,1.83,1.94,1.89,2.1,0.5,1.85,2,1.9,2,1.86,2,1.82,1.94,1.89,2.08,3.4,3.6,2.1,3.5,3.6,2.1,3.7,3.65,2,3.3,3.6,2.1,3.4,3.5,2.1,3.6,3.6,2,3.4,3.5,2.1,3.82,3.68,2.02,3.75,3.65,2.25,3.46,3.53,2.08,3.75,3.6,2.16,1.73,2.1,1.89,2.01,1.84,2.1,1.77,2.02,1.85,2.14,0.25,2.05,1.8,2.2,1.76,2.1,1.9,2.02,1.73,2.13,1.86
E0,05/10/2025,16:30,Brentford,Man City,0,1,A,0,1,A,D England,6,10,1,4,10,6,3,2,3,2,0,0,4.75,4.5,1.62,5,4.2,1.67,4.9,4.4,1.64,4.75,4.1,1.62,4.6,4.33,1.65,4.6,4.33,1.65,4.6,4.2,1.65,4.87,4.5,1.64,5,4.5,1.67,4.73,4.27,1.64,5.2,4.6,1.67,1.57,2.38,1.61,2.42,1.6,2.4,1.56,2.35,1.62,2.56,0.75,2.05,1.8,2.09,1.83,2.05,1.8,2,1.77,2.16,1.83,4.75,4.2,1.62,5.5,4.2,1.62,5.1,4.2,1.64,5,4.2,1.62,4.8,4.2,1.63,5,4.33,1.61,5,4.2,1.6,5.04,4.39,1.65,5.5,4.33,1.65,5.03,4.18,1.62,5.5,4.4,1.68,1.62,2.3,1.63,2.36,1.62,2.43,1.58,2.32,1.64,2.54,1,1.75,2.05,1.84,2.1,1.81,2.05,1.78,2.01,1.86,2.15
